{
  "experiment_1": {
    "ILP": {
      "active_pms": 2,
      "energy": 415.0,
      "cpu_util": 0.325,
      "time": 0.4160130023956299
    },
    "FFD": {
      "active_pms": 2,
      "energy": 415.0,
      "cpu_util": 0.325,
      "time": 5.1021575927734375e-05,
      "gap": 0.0
    },
    "BFD": {
      "active_pms": 2,
      "energy": 415.0,
      "cpu_util": 0.325,
      "time": 0.00016641616821289062,
      "gap": 0.0
    },
    "RLS-FFD": {
      "active_pms": 2,
      "energy": 415.0,
      "cpu_util": 0.325,
      "time": 0.0018019676208496094,
      "gap": 0.0
    }
  },
  "experiment_2": {
    "ILP": {
      "status": "timeout",
      "message": "Time limit exceeded (20s)",
      "time": 20.100099802017212
    },
    "FFD": {
      "active_pms": 51,
      "energy": 11039.845547308427,
      "cpu_util": 0.7168927910775135,
      "ram_util": 0.4477828064339423,
      "time": 0.0003299713134765625
    },
    "BFD": {
      "active_pms": 43,
      "energy": 9796.778808109646,
      "cpu_util": 0.7779910699848185,
      "ram_util": 0.5003295830639363,
      "time": 0.0008206367492675781
    },
    "RLS-FFD": {
      "active_pms": 37,
      "energy": 8424.051174816113,
      "cpu_util": 0.872561368374945,
      "ram_util": 0.40420921941319443,
      "time": 0.01330256462097168
    }
  },
  "experiment_3": {
    "FFD": {
      "active_pms": 90,
      "energy": 19844.802318697835,
      "cpu_util": 0.7128933325991381,
      "time": 0.0019674301147460938
    },
    "BFD": {
      "active_pms": 84,
      "energy": 19150.34192275914,
      "cpu_util": 0.7578441716231445,
      "time": 0.006555795669555664
    },
    "RLS-FFD": {
      "active_pms": 71,
      "energy": 16289.97240756167,
      "cpu_util": 0.8292161217859981,
      "time": 0.06215643882751465
    }
  },
  "experiment_4_google": {
    "FFD": {
      "active_pms": 836,
      "energy": 223517.9271986882,
      "cpu_util": 0.9235272488038299,
      "time": 0.6507377624511719
    },
    "BFD": {
      "active_pms": 993,
      "energy": 269930.8582305484,
      "cpu_util": 0.8352538972809678,
      "time": 7.617063760757446
    },
    "RLS-FFD": {
      "active_pms": 836,
      "energy": 223517.9271986882,
      "cpu_util": 0.9235272488038299,
      "time": 2.6577985286712646
    }
  }
}