{
  "experiment_1": {
    "ILP": {
      "active_pms": 2,
      "energy": 415.0,
      "cpu_util": 0.325,
      "time": 0.3402974605560303
    },
    "FFD": {
      "active_pms": 2,
      "energy": 415.0,
      "cpu_util": 0.325,
      "time": 0.00011229515075683594,
      "gap": 0.0
    },
    "BFD": {
      "active_pms": 2,
      "energy": 415.0,
      "cpu_util": 0.325,
      "time": 0.00010085105895996094,
      "gap": 0.0
    },
    "RLS-FFD": {
      "active_pms": 2,
      "energy": 415.0,
      "cpu_util": 0.325,
      "time": 0.0017676353454589844,
      "gap": 0.0
    }
  },
  "experiment_2": {
    "FFD": {
      "active_pms": 51,
      "energy": 11039.845547308427,
      "cpu_util": 0.7168927910775135,
      "ram_util": 0.4477828064339423,
      "time": 0.00021505355834960938
    },
    "BFD": {
      "active_pms": 43,
      "energy": 9796.778808109646,
      "cpu_util": 0.7779910699848185,
      "ram_util": 0.5003295830639363,
      "time": 0.0008344650268554688
    },
    "RLS-FFD": {
      "active_pms": 37,
      "energy": 8424.051174816113,
      "cpu_util": 0.872561368374945,
      "ram_util": 0.40420921941319443,
      "time": 0.0135955810546875
    }
  },
  "experiment_3": {
    "FFD": {
      "active_pms": 90,
      "energy": 19844.802318697835,
      "cpu_util": 0.7128933325991381,
      "time": 0.0015120506286621094
    },
    "BFD": {
      "active_pms": 84,
      "energy": 19150.34192275914,
      "cpu_util": 0.7578441716231445,
      "time": 0.002657175064086914
    },
    "RLS-FFD": {
      "active_pms": 71,
      "energy": 16289.97240756167,
      "cpu_util": 0.8292161217859981,
      "time": 0.02329564094543457
    }
  },
  "experiment_4_google": {
    "FFD": {
      "active_pms": 836,
      "energy": 223517.9271986882,
      "cpu_util": 0.9235272488038299,
      "time": 0.33380603790283203
    },
    "BFD": {
      "active_pms": 993,
      "energy": 269930.8582305484,
      "cpu_util": 0.8352538972809678,
      "time": 4.368649005889893
    },
    "RLS-FFD": {
      "active_pms": 836,
      "energy": 223517.9271986882,
      "cpu_util": 0.9235272488038299,
      "time": 1.2519056797027588
    }
  }
}