{
  "experiment_1": {
    "ILP": {
      "active_pms": 2,
      "energy": 415.0,
      "cpu_util": 0.325,
      "time": 0.16639137268066406
    },
    "FFD": {
      "active_pms": 2,
      "energy": 415.0,
      "cpu_util": 0.325,
      "time": 0.0001380443572998047,
      "gap": 0.0
    },
    "BFD": {
      "active_pms": 2,
      "energy": 415.0,
      "cpu_util": 0.325,
      "time": 8.988380432128906e-05,
      "gap": 0.0
    },
    "RLS-FFD": {
      "active_pms": 2,
      "energy": 415.0,
      "cpu_util": 0.325,
      "time": 0.0018291473388671875,
      "gap": 0.0
    }
  },
  "experiment_2": {
    "ILP": {
      "status": "timeout",
      "message": "Time limit exceeded (20s)",
      "time": 20.11873960494995
    },
    "FFD": {
      "active_pms": 51,
      "energy": 11039.845547308427,
      "cpu_util": 0.7168927910775135,
      "ram_util": 0.4477828064339423,
      "time": 0.0006089210510253906
    },
    "BFD": {
      "active_pms": 43,
      "energy": 9796.778808109646,
      "cpu_util": 0.7779910699848185,
      "ram_util": 0.5003295830639363,
      "time": 0.0014412403106689453
    },
    "RLS-FFD": {
      "active_pms": 37,
      "energy": 8424.051174816113,
      "cpu_util": 0.872561368374945,
      "ram_util": 0.40420921941319443,
      "time": 0.02599191665649414
    }
  },
  "experiment_3": {
    "FFD": {
      "active_pms": 90,
      "energy": 19844.802318697835,
      "cpu_util": 0.7128933325991381,
      "time": 0.0012094974517822266
    },
    "BFD": {
      "active_pms": 84,
      "energy": 19150.34192275914,
      "cpu_util": 0.7578441716231445,
      "time": 0.005918025970458984
    },
    "RLS-FFD": {
      "active_pms": 71,
      "energy": 16289.97240756167,
      "cpu_util": 0.8292161217859981,
      "time": 0.04641318321228027
    }
  },
  "experiment_4_google": {
    "FFD": {
      "active_pms": 836,
      "energy": 223517.9271986882,
      "cpu_util": 0.9235272488038299,
      "time": 0.5423338413238525
    },
    "BFD": {
      "active_pms": 993,
      "energy": 269930.8582305484,
      "cpu_util": 0.8352538972809678,
      "time": 7.43540096282959
    },
    "RLS-FFD": {
      "active_pms": 836,
      "energy": 223517.9271986882,
      "cpu_util": 0.9235272488038299,
      "time": 2.249056339263916
    }
  }
}