{
  "experiment_1": {
    "ILP": {
      "active_pms": 2,
      "energy": 415.0,
      "cpu_util": 0.325,
      "time": 0.33641719818115234
    },
    "FFD": {
      "active_pms": 2,
      "energy": 415.0,
      "cpu_util": 0.325,
      "time": 0.00016450881958007812,
      "gap": 0.0
    },
    "BFD": {
      "active_pms": 2,
      "energy": 415.0,
      "cpu_util": 0.325,
      "time": 0.00031757354736328125,
      "gap": 0.0
    },
    "RLS-FFD": {
      "active_pms": 2,
      "energy": 415.0,
      "cpu_util": 0.325,
      "time": 0.0043714046478271484,
      "gap": 0.0
    }
  },
  "experiment_2": {
    "FFD": {
      "active_pms": 51,
      "energy": 11039.845547308427,
      "cpu_util": 0.7168927910775135,
      "ram_util": 0.4477828064339423,
      "time": 0.0010058879852294922
    },
    "BFD": {
      "active_pms": 43,
      "energy": 9796.778808109646,
      "cpu_util": 0.7779910699848185,
      "ram_util": 0.5003295830639363,
      "time": 0.0027217864990234375
    },
    "RLS-FFD": {
      "active_pms": 37,
      "energy": 8424.051174816113,
      "cpu_util": 0.872561368374945,
      "ram_util": 0.40420921941319443,
      "time": 0.03923535346984863
    }
  },
  "experiment_3": {
    "FFD": {
      "active_pms": 90,
      "energy": 19844.802318697835,
      "cpu_util": 0.7128933325991381,
      "time": 0.0025987625122070312
    },
    "BFD": {
      "active_pms": 84,
      "energy": 19150.34192275914,
      "cpu_util": 0.7578441716231445,
      "time": 0.006810903549194336
    },
    "RLS-FFD": {
      "active_pms": 71,
      "energy": 16289.97240756167,
      "cpu_util": 0.8292161217859981,
      "time": 0.06128573417663574
    }
  }
}